Subject_id,Study_id,Predict_class,Probability
,test_0000,0,0.32509187
,test_0000,1,0.45804566
,test_0000,2,0.26990253
,test_0000,3,0.53101176
,test_0000,4,0.37261936
,test_0000,5,0.60527420
,test_0000,6,0.35108855
,test_0000,7,0.64857763
,test_0000,8,0.35902697
,test_0000,9,0.59154630
,test_0001,0,0.35320505
,test_0001,1,0.47953415
,test_0001,2,0.23917159
,test_0001,3,0.53679860
,test_0001,4,0.39583462
,test_0001,5,0.54716164
,test_0001,6,0.34114337
,test_0001,7,0.56991249
,test_0001,8,0.36920136
,test_0001,9,0.63601404
,test_0002,0,0.33003917
,test_0002,1,0.45553166
,test_0002,2,0.26740813
,test_0002,3,0.53943819
,test_0002,4,0.37616470
,test_0002,5,0.60100824
,test_0002,6,0.34919977
,test_0002,7,0.65002304
,test_0002,8,0.36534348
,test_0002,9,0.59402150
,test_0003,0,0.33480689
,test_0003,1,0.46059215
,test_0003,2,0.25757828
,test_0003,3,0.52567321
,test_0003,4,0.36977011
,test_0003,5,0.57999521
,test_0003,6,0.34643072
,test_0003,7,0.62749475
,test_0003,8,0.36466444
,test_0003,9,0.60544920
,test_0004,0,0.33480689
,test_0004,1,0.46620762
,test_0004,2,0.27727723
,test_0004,3,0.54183316
,test_0004,4,0.39805537
,test_0004,5,0.60998893
,test_0004,6,0.35846534
,test_0004,7,0.63838458
,test_0004,8,0.36749724
,test_0004,9,0.59631562
,test_0005,0,0.32241932
,test_0005,1,0.46885142
,test_0005,2,0.26932561
,test_0005,3,0.52692097
,test_0005,4,0.38271806
,test_0005,5,0.60463238
,test_0005,6,0.36670312
,test_0005,7,0.63612711
,test_0005,8,0.36409897
,test_0005,9,0.60247093
,test_0006,0,0.33025515
,test_0006,1,0.45753056
,test_0006,2,0.26836580
,test_0006,3,0.53637362
,test_0006,4,0.37978083
,test_0006,5,0.60042262
,test_0006,6,0.34731570
,test_0006,7,0.63567495
,test_0006,8,0.36015141
,test_0006,9,0.59801877
,test_0007,0,0.33047119
,test_0007,1,0.45928836
,test_0007,2,0.25757828
,test_0007,3,0.52698183
,test_0007,4,0.37079480
,test_0007,5,0.59749049
,test_0007,6,0.34543639
,test_0007,7,0.64142239
,test_0007,8,0.35555109
,test_0007,9,0.59737301
,test_0008,0,0.32584226
,test_0008,1,0.45707616
,test_0008,2,0.25907511
,test_0008,3,0.53382283
,test_0008,4,0.36466444
,test_0008,5,0.58569372
,test_0008,6,0.35320505
,test_0008,7,0.61612779
,test_0008,8,0.37125060
,test_0008,9,0.60719740
,test_0009,0,0.33025515
,test_0009,1,0.44558981
,test_0009,2,0.27086577
,test_0009,3,0.54673815
,test_0009,4,0.37811458
,test_0009,5,0.60888475
,test_0009,6,0.35220176
,test_0009,7,0.64511991
,test_0009,8,0.35599875
,test_0009,9,0.58492333
,test_0010,0,0.32295287
,test_0010,1,0.47852880
,test_0010,2,0.28041926
,test_0010,3,0.53014529
,test_0010,4,0.38595313
,test_0010,5,0.61283118
,test_0010,6,0.37330446
,test_0010,7,0.65962446
,test_0010,8,0.35320505
,test_0010,9,0.58160019
,test_0011,0,0.33774942
,test_0011,1,0.46556970
,test_0011,2,0.26265267
,test_0011,3,0.53901356
,test_0011,4,0.39018539
,test_0011,5,0.58486408
,test_0011,6,0.34532604
,test_0011,7,0.60905921
,test_0011,8,0.35835305
,test_0011,9,0.61265737
,test_0012,0,0.34191203
,test_0012,1,0.46663293
,test_0012,2,0.26303110
,test_0012,3,0.53852826
,test_0012,4,0.40286189
,test_0012,5,0.60556579
,test_0012,6,0.35689485
,test_0012,7,0.62772304
,test_0012,8,0.37159261
,test_0012,9,0.60363978
,test_0013,0,0.36829209
,test_0013,1,0.47834608
,test_0013,2,0.22678363
,test_0013,3,0.53898323
,test_0013,4,0.36613634
,test_0013,5,0.53172612
,test_0013,6,0.33047119
,test_0013,7,0.54806888
,test_0013,8,0.36897394
,test_0013,9,0.64187145
,test_0014,0,0.33198547
,test_0014,1,0.46906424
,test_0014,2,0.24490438
,test_0014,3,0.52745342
,test_0014,4,0.35846534
,test_0014,5,0.57463354
,test_0014,6,0.33687618
,test_0014,7,0.60416538
,test_0014,8,0.36116472
,test_0014,9,0.61074370
,test_0015,0,0.33611313
,test_0015,1,0.45937932
,test_0015,2,0.26588047
,test_0015,3,0.54010534
,test_0015,4,0.39128962
,test_0015,5,0.60217857
,test_0015,6,0.35031024
,test_0015,7,0.62600994
,test_0015,8,0.36534348
,test_0015,9,0.60527420
,test_0016,0,0.32552052
,test_0016,1,0.45486560
,test_0016,2,0.26894140
,test_0016,3,0.54149979
,test_0016,4,0.37582099
,test_0016,5,0.61085981
,test_0016,6,0.34975478
,test_0016,7,0.64957863
,test_0016,8,0.35779187
,test_0016,9,0.58587146
,test_0017,0,0.34004676
,test_0017,1,0.46050116
,test_0017,2,0.24889915
,test_0017,3,0.53032768
,test_0017,4,0.37102270
,test_0017,5,0.58533823
,test_0017,6,0.33873305
,test_0017,7,0.61514562
,test_0017,8,0.36443821
,test_0017,9,0.61531901
,test_0018,0,0.35075492
,test_0018,1,0.47446373
,test_0018,2,0.23828422
,test_0018,3,0.53610039
,test_0018,4,0.35655868
,test_0018,5,0.53339750
,test_0018,6,0.34986588
,test_0018,7,0.54803860
,test_0018,8,0.36172822
,test_0018,9,0.64813238
,test_0019,0,0.33982763
,test_0019,1,0.46386921
,test_0019,2,0.24944726
,test_0019,3,0.52148640
,test_0019,4,0.36161551
,test_0019,5,0.57343960
,test_0019,6,0.34875605
,test_0019,7,0.59508085
,test_0019,8,0.37113667
,test_0019,9,0.62240195
,test_0020,0,0.33155245
,test_0020,1,0.46462828
,test_0020,2,0.28328544
,test_0020,3,0.54531598
,test_0020,4,0.39899173
,test_0020,5,0.62177062
,test_0020,6,0.37022540
,test_0020,7,0.66017234
,test_0020,8,0.35678276
,test_0020,9,0.58023316
,test_0021,0,0.33437204
,test_0021,1,0.45750028
,test_0021,2,0.26511872
,test_0021,3,0.53825516
,test_0021,4,0.37319025
,test_0021,5,0.59537494
,test_0021,6,0.34720501
,test_0021,7,0.62829340
,test_0021,8,0.36783785
,test_0021,9,0.60422379
,test_0022,0,0.34875605
,test_0022,1,0.46611643
,test_0022,2,0.24635200
,test_0022,3,0.54243916
,test_0022,4,0.39158040
,test_0022,5,0.56799656
,test_0022,6,0.34202188
,test_0022,7,0.58290660
,test_0022,8,0.35913935
,test_0022,9,0.62509483
,test_0023,0,0.34820172
,test_0023,1,0.45934892
,test_0023,2,0.24835184
,test_0023,3,0.53251630
,test_0023,4,0.37593555
,test_0023,5,0.57445449
,test_0023,6,0.33426335
,test_0023,7,0.58823884
,test_0023,8,0.36387292
,test_0023,9,0.61837721
,test_0024,0,0.33306921
,test_0024,1,0.47078219
,test_0024,2,0.25552940
,test_0024,3,0.53436953
,test_0024,4,0.38294879
,test_0024,5,0.58587146
,test_0024,6,0.34897783
,test_0024,7,0.60859400
,test_0024,8,0.36229208
,test_0024,9,0.60987276
,test_0025,0,0.33187717
,test_0025,1,0.45538026
,test_0025,2,0.26133093
,test_0025,3,0.54034787
,test_0025,4,0.36590973
,test_0025,5,0.60603219
,test_0025,6,0.34389237
,test_0025,7,0.63125342
,test_0025,8,0.36150277
,test_0025,9,0.59272552
,test_0026,0,0.34169233
,test_0026,1,0.46793953
,test_0026,2,0.24617071
,test_0026,3,0.53549314
,test_0026,4,0.36670312
,test_0026,5,0.58385605
,test_0026,6,0.33742183
,test_0026,7,0.61814672
,test_0026,8,0.37765545
,test_0026,9,0.60940796
,test_0027,0,0.38191089
,test_0027,1,0.51198351
,test_0027,2,0.20817892
,test_0027,3,0.52927858
,test_0027,4,0.35779187
,test_0027,5,0.47763032
,test_0027,6,0.32896042
,test_0027,7,0.46192688
,test_0027,8,0.38237205
,test_0027,9,0.66017234
,test_0028,0,0.34742638
,test_0028,1,0.47724962
,test_0028,2,0.22661242
,test_0028,3,0.53925622
,test_0028,4,0.34422296
,test_0028,5,0.53040373
,test_0028,6,0.33611313
,test_0028,7,0.54622388
,test_0028,8,0.37662312
,test_0028,9,0.63770795
,test_0029,0,0.35398629
,test_0029,1,0.46663293
,test_0029,2,0.23899394
,test_0029,3,0.53054053
,test_0029,4,0.36681652
,test_0029,5,0.57248378
,test_0029,6,0.33057925
,test_0029,7,0.58450836
,test_0029,8,0.37102270
,test_0029,9,0.62159830
,test_0030,0,0.33633107
,test_0030,1,0.45931864
,test_0030,2,0.26798251
,test_0030,3,0.53278977
,test_0030,4,0.37920597
,test_0030,5,0.60905921
,test_0030,6,0.34875605
,test_0030,7,0.65290564
,test_0030,8,0.35767972
,test_0030,9,0.59566897
,test_0031,0,0.33873305
,test_0031,1,0.46502301
,test_0031,2,0.27757087
,test_0031,3,0.53364050
,test_0031,4,0.40115988
,test_0031,5,0.61283118
,test_0031,6,0.35298201
,test_0031,7,0.65345871
,test_0031,8,0.35835305
,test_0031,9,0.59796005
,test_0032,0,0.32509187
,test_0032,1,0.46192688
,test_0032,2,0.25982565
,test_0032,3,0.53382283
,test_0032,4,0.37353298
,test_0032,5,0.59766656
,test_0032,6,0.34643072
,test_0032,7,0.63827175
,test_0032,8,0.35655868
,test_0032,9,0.59319693
,test_0033,0,0.37147862
,test_0033,1,0.49838069
,test_0033,2,0.21239536
,test_0033,3,0.53172612
,test_0033,4,0.36795136
,test_0033,5,0.50574088
,test_0033,6,0.32018325
,test_0033,7,0.49931952
,test_0033,8,0.38070139
,test_0033,9,0.65753841
,test_0034,0,0.34147272
,test_0034,1,0.46766603
,test_0034,2,0.25571522
,test_0034,3,0.52825963
,test_0034,4,0.39216223
,test_0034,5,0.56787676
,test_0034,6,0.33917066
,test_0034,7,0.58177841
,test_0034,8,0.35801631
,test_0034,9,0.62988842
,test_0035,0,0.32305968
,test_0035,1,0.45671263
,test_0035,2,0.26208568
,test_0035,3,0.53783035
,test_0035,4,0.36421204
,test_0035,5,0.60094970
,test_0035,6,0.35097733
,test_0035,7,0.63601404
,test_0035,8,0.36263055
,test_0035,9,0.59101528
,test_0036,0,0.33622205
,test_0036,1,0.45595554
,test_0036,2,0.26645270
,test_0036,3,0.53661644
,test_0036,4,0.37513402
,test_0036,5,0.61045349
,test_0036,6,0.34809092
,test_0036,7,0.65246284
,test_0036,8,0.35320505
,test_0036,9,0.58983451
,test_0037,0,0.33101159
,test_0037,1,0.48178908
,test_0037,2,0.25497249
,test_0037,3,0.54165131
,test_0037,4,0.38398775
,test_0037,5,0.56793660
,test_0037,6,0.34886694
,test_0037,7,0.60299706
,test_0037,8,0.36681652
,test_0037,9,0.61970139
,test_0038,0,0.33101159
,test_0038,1,0.46757486
,test_0038,2,0.27289566
,test_0038,3,0.53776968
,test_0038,4,0.39146411
,test_0038,5,0.61664730
,test_0038,6,0.35331663
,test_0038,7,0.65356928
,test_0038,8,0.36195371
,test_0038,9,0.58971637
,test_0039,0,0.32305968
,test_0039,1,0.45541051
,test_0039,2,0.27057657
,test_0039,3,0.53792143
,test_0039,4,0.38173804
,test_0039,5,0.60223705
,test_0039,6,0.35253608
,test_0039,7,0.64310515
,test_0039,8,0.35767972
,test_0039,9,0.59513962
,test_0040,0,0.36105207
,test_0040,1,0.49002209
,test_0040,2,0.24202646
,test_0040,3,0.54864329
,test_0040,4,0.40174648
,test_0040,5,0.53855854
,test_0040,6,0.33971807
,test_0040,7,0.55253971
,test_0040,8,0.36965632
,test_0040,9,0.63556182
,test_0041,0,0.34114337
,test_0041,1,0.45359460
,test_0041,2,0.25441632
,test_0041,3,0.53895289
,test_0041,4,0.36375988
,test_0041,5,0.58587146
,test_0041,6,0.33895183
,test_0041,7,0.60399020
,test_0041,8,0.36806491
,test_0041,9,0.60987276
,test_0042,0,0.33993718
,test_0042,1,0.47082785
,test_0042,2,0.26114249
,test_0042,3,0.53016055
,test_0042,4,0.38879207
,test_0042,5,0.59584540
,test_0042,6,0.34786937
,test_0042,7,0.62268877
,test_0042,8,0.36851931
,test_0042,9,0.60975659
,test_0043,0,0.33840501
,test_0043,1,0.45507753
,test_0043,2,0.25201571
,test_0043,3,0.53658611
,test_0043,4,0.37159261
,test_0043,5,0.59684443
,test_0043,6,0.33938956
,test_0043,7,0.62113881
,test_0043,8,0.36319506
,test_0043,9,0.60118383
,test_0044,0,0.33382890
,test_0044,1,0.45250568
,test_0044,2,0.26664361
,test_0044,3,0.54107547
,test_0044,4,0.38630030
,test_0044,5,0.60182756
,test_0044,6,0.34764785
,test_0044,7,0.63454330
,test_0044,8,0.35857764
,test_0044,9,0.59801877
,test_0045,0,0.32842174
,test_0045,1,0.47204459
,test_0045,2,0.26664361
,test_0045,3,0.53676820
,test_0045,4,0.39256969
,test_0045,5,0.59561014
,test_0045,6,0.35734323
,test_0045,7,0.62486595
,test_0045,8,0.36613634
,test_0045,9,0.59942651
,test_0046,0,0.35824078
,test_0046,1,0.48105764
,test_0046,2,0.23335676
,test_0046,3,0.53731453
,test_0046,4,0.38087407
,test_0046,5,0.55383712
,test_0046,6,0.32831404
,test_0046,7,0.54201496
,test_0046,8,0.36251771
,test_0046,9,0.64980084
,test_0047,0,0.33339471
,test_0047,1,0.45889425
,test_0047,2,0.25201571
,test_0047,3,0.53883159
,test_0047,4,0.36999774
,test_0047,5,0.59007072
,test_0047,6,0.33829573
,test_0047,7,0.61872280
,test_0047,8,0.36082682
,test_0047,9,0.59837085
,test_0048,0,0.33589524
,test_0048,1,0.48579028
,test_0048,2,0.23057307
,test_0048,3,0.52956754
,test_0048,4,0.35891461
,test_0048,5,0.53955948
,test_0048,6,0.33600414
,test_0048,7,0.56817627
,test_0048,8,0.36523023
,test_0048,9,0.63341027
,test_0049,0,0.34136289
,test_0049,1,0.45528945
,test_0049,2,0.26645270
,test_0049,3,0.53348863
,test_0049,4,0.38630030
,test_0049,5,0.61491442
,test_0049,6,0.34986588
,test_0049,7,0.66028190
,test_0049,8,0.36545670
,test_0049,9,0.59719688
,test_0050,0,0.33155245
,test_0050,1,0.45947018
,test_0050,2,0.27231473
,test_0050,3,0.53670752
,test_0050,4,0.38329500
,test_0050,5,0.61780089
,test_0050,6,0.35209036
,test_0050,7,0.66235977
,test_0050,8,0.36455128
,test_0050,9,0.58741069
,test_0051,0,0.34809092
,test_0051,1,0.47026521
,test_0051,2,0.23970512
,test_0051,3,0.53464288
,test_0051,4,0.37136456
,test_0051,5,0.57582659
,test_0051,6,0.33567744
,test_0051,7,0.60053980
,test_0051,8,0.36806491
,test_0051,9,0.62566686
,test_0052,0,0.34931073
,test_0052,1,0.47058454
,test_0052,2,0.23846149
,test_0052,3,0.53184772
,test_0052,4,0.36647639
,test_0052,5,0.54891527
,test_0052,6,0.33426335
,test_0052,7,0.57218498
,test_0052,8,0.36965632
,test_0052,9,0.62760890
,test_0053,0,0.32541335
,test_0053,1,0.46869943
,test_0053,2,0.26999876
,test_0053,3,0.53248590
,test_0053,4,0.38116196
,test_0053,5,0.60363978
,test_0053,6,0.36545670
,test_0053,7,0.63996112
,test_0053,8,0.36489069
,test_0053,9,0.59024793
,test_0054,0,0.33611313
,test_0054,1,0.46678483
,test_0054,2,0.26740813
,test_0054,3,0.53713244
,test_0054,4,0.39577621
,test_0054,5,0.60696447
,test_0054,6,0.35209036
,test_0054,7,0.62555254
,test_0054,8,0.36015141
,test_0054,9,0.60363978
,test_0055,0,0.33133605
,test_0055,1,0.45746994
,test_0055,2,0.26001352
,test_0055,3,0.53934717
,test_0055,4,0.37227699
,test_0055,5,0.60235399
,test_0055,6,0.34389237
,test_0055,7,0.63736945
,test_0055,8,0.36172822
,test_0055,9,0.58658206
,test_0056,0,0.32509187
,test_0056,1,0.46502301
,test_0056,2,0.25963789
,test_0056,3,0.52976519
,test_0056,4,0.36319506
,test_0056,5,0.59660947
,test_0056,6,0.34312159
,test_0056,7,0.62886339
,test_0056,8,0.36139008
,test_0056,9,0.59437472
,test_0057,0,0.34720501
,test_0057,1,0.50532508
,test_0057,2,0.24041775
,test_0057,3,0.53877091
,test_0057,4,0.39414269
,test_0057,5,0.53540206
,test_0057,6,0.34931073
,test_0057,7,0.55106038
,test_0057,8,0.36296922
,test_0057,9,0.63068497
,test_0058,0,0.33090350
,test_0058,1,0.45734882
,test_0058,2,0.25888771
,test_0058,3,0.53084457
,test_0058,4,0.37353298
,test_0058,5,0.59443355
,test_0058,6,0.34389237
,test_0058,7,0.63307005
,test_0058,8,0.35880229
,test_0058,9,0.59754920
,test_0059,0,0.36556989
,test_0059,1,0.48341981
,test_0059,2,0.22695492
,test_0059,3,0.52176052
,test_0059,4,0.37045312
,test_0059,5,0.51213598
,test_0059,6,0.32530618
,test_0059,7,0.53364050
,test_0059,8,0.37319025
,test_0059,9,0.64980084
,test_0060,0,0.34853429
,test_0060,1,0.48799360
,test_0060,2,0.23493282
,test_0060,3,0.54231799
,test_0060,4,0.36319506
,test_0060,5,0.53679860
,test_0060,6,0.33622205
,test_0060,7,0.55241895
,test_0060,8,0.36738378
,test_0060,9,0.63590103
,test_0061,0,0.32135350
,test_0061,1,0.45607662
,test_0061,2,0.27992693
,test_0061,3,0.53804278
,test_0061,4,0.37456191
,test_0061,5,0.60071552
,test_0061,6,0.35175627
,test_0061,7,0.65632790
,test_0061,8,0.35443309
,test_0061,9,0.58581221
,test_0062,0,0.33047119
,test_0062,1,0.46013728
,test_0062,2,0.28696787
,test_0062,3,0.54234827
,test_0062,4,0.39940161
,test_0062,5,0.61929864
,test_0062,6,0.36556989
,test_0062,7,0.66028190
,test_0062,8,0.35611072
,test_0062,9,0.58829796
,test_0063,0,0.34378219
,test_0063,1,0.47977787
,test_0063,2,0.25201571
,test_0063,3,0.54716164
,test_0063,4,0.39280254
,test_0063,5,0.57080984
,test_0063,6,0.35264751
,test_0063,7,0.59131026
,test_0063,8,0.36897394
,test_0063,9,0.61612779
,test_0064,0,0.34224170
,test_0064,1,0.46781802
,test_0064,2,0.24762337
,test_0064,3,0.53330636
,test_0064,4,0.36851931
,test_0064,5,0.59737301
,test_0064,6,0.33818638
,test_0064,7,0.62931907
,test_0064,8,0.36545670
,test_0064,9,0.59842950
,test_0065,0,0.33372033
,test_0065,1,0.47085831
,test_0065,2,0.24598956
,test_0065,3,0.52704269
,test_0065,4,0.36692995
,test_0065,5,0.58616757
,test_0065,6,0.33818638
,test_0065,7,0.61085981
,test_0065,8,0.36251771
,test_0065,9,0.61039543
,test_0066,0,0.34720501
,test_0066,1,0.46839547
,test_0066,2,0.22764100
,test_0066,3,0.52527750
,test_0066,4,0.35767972
,test_0066,5,0.56475872
,test_0066,6,0.33404613
,test_0066,7,0.58758819
,test_0066,8,0.37330446
,test_0066,9,0.62886339
,test_0067,0,0.32809871
,test_0067,1,0.45771235
,test_0067,2,0.26664361
,test_0067,3,0.52581018
,test_0067,4,0.36988392
,test_0067,5,0.59825355
,test_0067,6,0.34975478
,test_0067,7,0.64366537
,test_0067,8,0.36704341
,test_0067,9,0.59713811
,test_0068,0,0.34191203
,test_0068,1,0.46007660
,test_0068,2,0.25386101
,test_0068,3,0.53230357
,test_0068,4,0.38191089
,test_0068,5,0.57701874
,test_0068,6,0.34158251
,test_0068,7,0.59731430
,test_0068,8,0.35767972
,test_0068,9,0.61901075
,test_0069,0,0.33036315
,test_0069,1,0.45983404
,test_0069,2,0.26759952
,test_0069,3,0.53616112
,test_0069,4,0.37570643
,test_0069,5,0.61445189
,test_0069,6,0.35164499
,test_0069,7,0.65124398
,test_0069,8,0.36274344
,test_0069,9,0.58770651
,test_0070,0,0.32982329
,test_0070,1,0.47845271
,test_0070,2,0.27231473
,test_0070,3,0.52873111
,test_0070,4,0.39059204
,test_0070,5,0.59148729
,test_0070,6,0.35824078
,test_0070,7,0.63125342
,test_0070,8,0.35042140
,test_0070,9,0.60533255
,test_0071,0,0.36082682
,test_0071,1,0.48209381
,test_0071,2,0.23335676
,test_0071,3,0.52778810
,test_0071,4,0.39198765
,test_0071,5,0.56046319
,test_0071,6,0.34026593
,test_0071,7,0.55838722
,test_0071,8,0.36920136
,test_0071,9,0.64623702
,test_0072,0,0.34147272
,test_0072,1,0.47242483
,test_0072,2,0.25534368
,test_0072,3,0.53704137
,test_0072,4,0.39893320
,test_0072,5,0.57009202
,test_0072,6,0.35019913
,test_0072,7,0.58829796
,test_0072,8,0.36240491
,test_0072,9,0.62886339
,test_0073,0,0.33862364
,test_0073,1,0.46241236
,test_0073,2,0.25423113
,test_0073,3,0.53206044
,test_0073,4,0.37273350
,test_0073,5,0.58047098
,test_0073,6,0.33524200
,test_0073,7,0.60975659
,test_0073,8,0.36308208
,test_0073,9,0.60964036
,test_0074,0,0.34676251
,test_0074,1,0.46711904
,test_0074,2,0.24707796
,test_0074,3,0.53227317
,test_0074,4,0.37159261
,test_0074,5,0.56613851
,test_0074,6,0.33654907
,test_0074,7,0.59207708
,test_0074,8,0.37421879
,test_0074,9,0.62257409
,test_0075,0,0.34125313
,test_0075,1,0.48390755
,test_0075,2,0.22422528
,test_0075,3,0.53740555
,test_0075,4,0.37467629
,test_0075,5,0.52564275
,test_0075,6,0.33426335
,test_0075,7,0.52555144
,test_0075,8,0.36624968
,test_0075,9,0.64198369
,test_0076,0,0.33252713
,test_0076,1,0.46317106
,test_0076,2,0.24744146
,test_0076,3,0.53224277
,test_0076,4,0.36681652
,test_0076,5,0.56553864
,test_0076,6,0.33676714
,test_0076,7,0.59060216
,test_0076,8,0.37102270
,test_0076,9,0.61998916
,test_0077,0,0.33949909
,test_0077,1,0.47061494
,test_0077,2,0.24364246
,test_0077,3,0.53282017
,test_0077,4,0.37857395
,test_0077,5,0.58995265
,test_0077,6,0.33633107
,test_0077,7,0.60299706
,test_0077,8,0.36749724
,test_0077,9,0.61265737
,test_0078,0,0.33578634
,test_0078,1,0.46153250
,test_0078,2,0.25608712
,test_0078,3,0.52886802
,test_0078,4,0.36897394
,test_0078,5,0.60053980
,test_0078,6,0.34698373
,test_0078,7,0.64846641
,test_0078,8,0.36093944
,test_0078,9,0.60053980
,test_0079,0,0.33209375
,test_0079,1,0.45486560
,test_0079,2,0.27308947
,test_0079,3,0.53783035
,test_0079,4,0.38248736
,test_0079,5,0.61774331
,test_0079,6,0.35153365
,test_0079,7,0.65135491
,test_0079,8,0.36432511
,test_0079,9,0.58930284
,test_0080,0,0.34543639
,test_0080,1,0.49068561
,test_0080,2,0.22422528
,test_0080,3,0.53591824
,test_0080,4,0.36161551
,test_0080,5,0.52197379
,test_0080,6,0.32477057
,test_0080,7,0.54080260
,test_0080,8,0.36274344
,test_0080,9,0.64187145
,test_0081,0,0.33036315
,test_0081,1,0.46402106
,test_0081,2,0.27183118
,test_0081,3,0.53342783
,test_0081,4,0.39076644
,test_0081,5,0.61190391
,test_0081,6,0.35409799
,test_0081,7,0.64556694
,test_0081,8,0.34997693
,test_0081,9,0.59966093
,test_0082,0,0.32584226
,test_0082,1,0.46122912
,test_0082,2,0.27144480
,test_0082,3,0.53655577
,test_0082,4,0.38635817
,test_0082,5,0.61062759
,test_0082,6,0.35891461
,test_0082,7,0.64467263
,test_0082,8,0.35622269
,test_0082,9,0.59089726
,test_0083,0,0.32466349
,test_0083,1,0.46250337
,test_0083,2,0.26568991
,test_0083,3,0.52661669
,test_0083,4,0.37033927
,test_0083,5,0.60042262
,test_0083,6,0.35019913
,test_0083,7,0.64175922
,test_0083,8,0.36421204
,test_0083,9,0.59160531
,test_0084,0,0.33241877
,test_0084,1,0.46122912
,test_0084,2,0.27154136
,test_0084,3,0.53910452
,test_0084,4,0.38572165
,test_0084,5,0.61167192
,test_0084,6,0.35566297
,test_0084,7,0.65179831
,test_0084,8,0.35108855
,test_0084,9,0.59455127
,test_0085,0,0.32584226
,test_0085,1,0.46089542
,test_0085,2,0.25608712
,test_0085,3,0.53078377
,test_0085,4,0.36942881
,test_0085,5,0.58930284
,test_0085,6,0.35353976
,test_0085,7,0.61138195
,test_0085,8,0.36840570
,test_0085,9,0.61676270
,test_0086,0,0.32702321
,test_0086,1,0.45438138
,test_0086,2,0.27096224
,test_0086,3,0.54483169
,test_0086,4,0.37570643
,test_0086,5,0.60894293
,test_0086,6,0.35097733
,test_0086,7,0.64968973
,test_0086,8,0.35936412
,test_0086,9,0.58118427
,test_0087,0,0.34026593
,test_0087,1,0.46736214
,test_0087,2,0.24328269
,test_0087,3,0.52850300
,test_0087,4,0.36590973
,test_0087,5,0.56193608
,test_0087,6,0.33187717
,test_0087,7,0.57039112
,test_0087,8,0.36353394
,test_0087,9,0.63182151
,test_0088,0,0.33426335
,test_0088,1,0.47012839
,test_0088,2,0.27464306
,test_0088,3,0.53943819
,test_0088,4,0.39227864
,test_0088,5,0.60743034
,test_0088,6,0.35723111
,test_0088,7,0.64288104
,test_0088,8,0.36602303
,test_0088,9,0.59907472
,test_0089,0,0.32188618
,test_0089,1,0.46189651
,test_0089,2,0.27338037
,test_0089,3,0.53503770
,test_0089,4,0.38237205
,test_0089,5,0.60993081
,test_0089,6,0.36579645
,test_0089,7,0.64757538
,test_0089,8,0.35824078
,test_0089,9,0.59160531
,test_0090,0,0.36172822
,test_0090,1,0.47830036
,test_0090,2,0.22422528
,test_0090,3,0.54489219
,test_0090,4,0.36477757
,test_0090,5,0.53367090
,test_0090,6,0.33274391
,test_0090,7,0.52719480
,test_0090,8,0.36727026
,test_0090,9,0.64444888
,test_0091,0,0.32241932
,test_0091,1,0.47040209
,test_0091,2,0.27522710
,test_0091,3,0.52946109
,test_0091,4,0.38202617
,test_0091,5,0.61190391
,test_0091,6,0.37570643
,test_0091,7,0.64612538
,test_0091,8,0.36783785
,test_0091,9,0.58634526
,test_0092,0,0.33949909
,test_0092,1,0.48701006
,test_0092,2,0.25201571
,test_0092,3,0.53364050
,test_0092,4,0.37696710
,test_0092,5,0.54743385
,test_0092,6,0.35075492
,test_0092,7,0.57290202
,test_0092,8,0.37056699
,test_0092,9,0.62897736
,test_0093,0,0.32949957
,test_0093,1,0.46380854
,test_0093,2,0.25091282
,test_0093,3,0.53051013
,test_0093,4,0.35846534
,test_0093,5,0.57821006
,test_0093,6,0.35031024
,test_0093,7,0.59848821
,test_0093,8,0.37307608
,test_0093,9,0.61601228
,test_0094,0,0.32455641
,test_0094,1,0.46262476
,test_0094,2,0.26057759
,test_0094,3,0.53148293
,test_0094,4,0.36590973
,test_0094,5,0.59408033
,test_0094,6,0.34831256
,test_0094,7,0.62646705
,test_0094,8,0.36342090
,test_0094,9,0.60135949
,test_0095,0,0.34169233
,test_0095,1,0.47072142
,test_0095,2,0.25926262
,test_0095,3,0.54171187
,test_0095,4,0.38798013
,test_0095,5,0.58533823
,test_0095,6,0.35958901
,test_0095,7,0.61254144
,test_0095,8,0.36749724
,test_0095,9,0.60713923
,test_0096,0,0.34466398
,test_0096,1,0.47874203
,test_0096,2,0.24006125
,test_0096,3,0.53120941
,test_0096,4,0.38208380
,test_0096,5,0.55438000
,test_0096,6,0.34180218
,test_0096,7,0.56955338
,test_0096,8,0.36105207
,test_0096,9,0.63363707
,test_0097,0,0.34742638
,test_0097,1,0.48446393
,test_0097,2,0.24382246
,test_0097,3,0.54177254
,test_0097,4,0.39548433
,test_0097,5,0.55645984
,test_0097,6,0.35309353
,test_0097,7,0.57761455
,test_0097,8,0.36670312
,test_0097,9,0.63352364
,test_0098,0,0.32745320
,test_0098,1,0.47050852
,test_0098,2,0.28199843
,test_0098,3,0.53801244
,test_0098,4,0.38943046
,test_0098,5,0.61595452
,test_0098,6,0.35745537
,test_0098,7,0.65301627
,test_0098,8,0.35622269
,test_0098,9,0.58480477
,test_0099,0,0.32188618
,test_0099,1,0.46271580
,test_0099,2,0.27532452
,test_0099,3,0.52503401
,test_0099,4,0.38682136
,test_0099,5,0.59007072
,test_0099,6,0.36060163
,test_0099,7,0.63465649
,test_0099,8,0.36037648
,test_0099,9,0.59948510
